Metric,Value
nDCG@5,0.018339479120588184
nDCG@10,0.018629733848880562
nDCG@25,0.01876181774903418
P@5,0.005817371424180675
P@10,0.0030650707959504133
P@25,0.0012596876140708686
Judged@5,0.005817371424180675
Judged@10,0.0030650707959504133
Judged@25,0.0012596876140708686
RR@5,0.02062637285226664
RR@10,0.020724893442420452
RR@25,0.020753727851809595
AP@5,0.016963554314733932
AP@10,0.01713197281619452
AP@25,0.017177506191909758
