Metric,Value
nDCG@5,0.3153680371260445
nDCG@10,0.33997378937775863
nDCG@25,0.36622209890387525
P@5,0.10983000000000918
P@10,0.06640499999999812
P@25,0.03298400000000017
Judged@5,0.11078000000000854
Judged@10,0.06670499999999789
Judged@25,0.03298400000000017
RR@5,0.3503116666666599
RR@10,0.3599657341269812
RR@25,0.3659378762003472
AP@5,0.27585393574249656
AP@10,0.28731295026996917
AP@25,0.2950452227815974
