Metric,Value
nDCG@5,0.030834767493068117
nDCG@10,0.030858107656273063
nDCG@25,0.030874117549802627
P@5,0.007634051218997962
P@10,0.0038347005821219894
P@25,0.0015369541411310332
Judged@5,0.007634051218997962
Judged@10,0.0038347005821219894
Judged@25,0.0015369541411310332
RR@5,0.03769373627147734
RR@10,0.03771831229017451
RR@25,0.037723429010995915
AP@5,0.028849485265480673
AP@10,0.028866873583958317
AP@25,0.028871255855025254
