Metric,Value
nDCG@5,0.0010326719993246861
nDCG@10,0.0010330249144209216
nDCG@25,0.0010330249144209216
P@5,0.0002582082957099784
P@10,0.0001294883863902719
P@25,5.1795354556108006e-05
Judged@5,0.0002582082957099784
Judged@10,0.0001294883863902719
Judged@25,5.1795354556108006e-05
RR@5,0.0012756719371385756
RR@10,0.001276152235307679
RR@25,0.001276152235307679
AP@5,0.0009630984629543741
AP@10,0.0009635787611234775
AP@25,0.0009635787611234775
