Metric,Value
nDCG@5,0.9840571703010922
nDCG@10,0.9855703919460529
nDCG@25,0.9860686073555133
P@5,0.1986601339866328
P@10,0.09979002099791605
P@25,0.0399960003999657
Judged@5,0.1986601339866328
Judged@10,0.09979002099791605
Judged@25,0.0399960003999657
RR@5,0.9809002433090026
RR@10,0.9815397825296839
RR@25,0.981672934432231
AP@5,0.9809002433090026
AP@10,0.9815397825296839
AP@25,0.981672934432231
