Metric,Value
nDCG@5,0.12976367050277143
nDCG@10,0.14064473240151582
nDCG@25,0.15273358171705265
P@5,0.04479000000000249
P@10,0.02732500000000209
P@25,0.013775999999999903
Judged@5,0.04482000000000248
Judged@10,0.0273950000000021
Judged@25,0.013775999999999903
RR@5,0.14855000000000002
RR@10,0.1537811706349208
RR@25,0.15717851867201818
AP@5,0.11098985616235607
AP@10,0.11564606398132286
AP@25,0.11884391968941355
